{
  "Voltage_measured": 1.0086312246322633,
  "Current_measured": 3.5226387929916383,
  "Temperature_measured": 0.2769606697559357
}